"kmer","Count.ivt","avg.mm.ivt"
"AATGT",1026310,2.2895616334246
"TTTAA",1055360,4.92590206185567
"GTTTA",599333,4.32213811019917
"TGTTT",1227140,2.65250908616784
"TCTGT",1057858,1.44896574020332
"GCTCT",906974,1.44028384496138
"TGTGA",1016364,2.87829950686959
"AATAA",1358634,1.25876431768968
"ATTAA",807039,2.88065384696403
"AATTA",653629,2.02760281444061
"CCTCC",1270469,1.75328953323536
"ATTCC",686502,2.84704196054782
"CATTC",695432,4.70915919888645
"CCTCA",996136,3.39030011966238
"GCTGG",1854109,1.04287288395666
"TCTGG",1130633,1.32297571360468
"TCTCT",1008399,2.08548401971839
"GGTCT",628997,1.35088084680849
"GTTGC",597660,2.90817521667838
"TGTTG",1003022,3.77598896135877
"CCTGT",1071012,1.21782015514299
"GCTCC",1005646,1.39134446912731
"ACTGG",1125852,1.0766068719512
"ATTCT",794213,3.61225515069635
"GATTC",605491,2.03223499606105
"AGTGC",729891,1.04604660147885
"TGTCC",887801,2.34861190739817
"GGTGT",858114,1.99250915379542
"GTTGG",788739,1.08159987017252
"GCTGT",1297476,1.24272048192028
"GGTGC",899913,2.03553010124312
"GATGC",883387,4.11133512265859
"GCTGA",1384813,0.726451874729657
"GGTGG",1477529,1.17940155489334
"CCTGG",1885794,1.23019799617562
"TGTGG",1535337,1.82969602113412
"GCTCA",830635,2.11139670252277
"AATCG",218189,1.8713134026005
"CTTCG",438465,4.59215672858723
"CCTTC",997694,3.3607498892446
"GCTAC",587553,1.35375021487423
"ACTAC",515058,1.54875761564717
"CGTGG",707158,2.32819256799753
"TCTTC",1042115,2.46028509329585
"GATCT",694297,0.938935354754522
"CCTCG",448685,4.48800383342434
"GGTCC",638652,1.48077513262309
"CGTGA",406155,2.62929177284534
"GCTGC",1933953,1.80862720035078
"CGTCA",347158,5.34108388687572
"CATCC",1016849,1.91729548831734
"CCTGC",1640360,1.38481796678778
"CGTCC",326980,5.09694782555508
"AGTGG",1044720,0.703154912321005
"ACTCA",588800,1.7133152173913
"TTTCC",995851,3.67354152378217
"TTTTC",1121585,5.62266792084416
"GTTTT",1088895,3.1819413258395
"TTTGT",1242461,2.48305580617822
"TTTTG",1427414,5.68076255382111
"CTTTT",1251907,5.31461202789025
"CCTTT",898794,2.55186394212689
"AGTTT",946294,0.592627661170841
"TCTAA",476648,2.05497557946325
"CCTCT",992430,2.32560482855214
"ACTCC",667793,1.52367574982068
"TCTGC",1054133,1.76913159914356
"GTTCT",744493,2.65952802779878
"TGTTC",766994,4.6542736970563
"TCTCC",933641,2.45779694764904
"CTTGG",955954,1.55488653219716
"CCTTG",892516,5.00069466541776
"ACTGA",905406,0.83145020024166
"TTTAC",521732,5.98506512922343
"CTTTA",686372,8.95301673145175
"TCTTT",1029985,2.45518138613669
"CATGA",871996,4.430754269515
"ATTCA",718902,3.68228214694075
"TATTC",473737,2.59194447552123
"TCTAT",471690,2.29430346201955
"GCTTG",697286,3.39372940228256
"TTTAG",467615,3.19964073008779
"TTTTA",1237954,6.26089499286726
"CGTTT",234311,3.96140172676485
"GTTTC",737152,3.28263370376802
"AATGC",770976,2.29579130867887
"TGTCA",932649,2.62617554942964
"CTTTG",1311760,9.42085442458986
"ACTTT",865105,1.51623213367164
"TGTAC",665853,1.79724353573536
"ATTGC",676420,2.83536855799651
"AATTG",782005,2.02351647367984
"GGTGA",1026136,1.93375926777737
"AGTGT",797088,0.993993135011442
"CTTCA",1150294,4.21240135130671
"CTTCC",1139667,3.74144377261077
"CTTTC",893090,7.81836097145864
"CATCA",1171328,2.56170773685936
"TATCC",423667,1.48229623737511
"ATTAT",678254,2.3646008722396
"CATTA",513211,7.50880242239547
"TTTGA",1123277,1.72228221533958
"GTTTG",952195,4.88754929399965
"TGTGT",1112369,3.11461394555224
"ACTCG",238135,1.99928611921809
"TTTCG",172005,3.11560710444464
"TTTTT",2091543,5.51368056979943
"AGTCA",724794,1.00773461148961
"GGTAA",384559,1.26924607147408
"GATGG",1288916,2.3711397794736
"GGTAC",376263,1.4069945756027
"TATGA",798933,3.39264994686663
"CTTAT",511126,4.54134596948698
"GCTTA",405440,2.19736582478295
"TGTGC",1023779,4.68099072163035
"CGTCT",351742,3.58188672379187
"CATGG",1159427,3.34794687375747
"AATAC",533471,0.890020263519479
"TCTGA",984347,1.18921477893466
"TGTCT",927700,2.26506413711329
"ATTGT",814951,1.83434341451204
"GATTG",681430,2.24982756849566
"CGTTG",231263,7.77815733602003
"GTTGT",638672,1.94419044517374
"ATTTA",842196,7.32786667236605
"GATTT",868512,1.5833978114292
"ATTGG",798234,1.41750414038991
"TATTG",662280,3.94500815365102
"TGTAT",782243,2.06329746638832
"ACTGT",899625,1.17059886063638
"GTTCA",638051,2.8991412912134
"ACTGC",867965,1.39924996975685
"TATCA",557580,2.25528175329101
"ACTCT",603833,0.956721477627092
"CCTAC",561969,4.26037735177563
"CTTGT",778518,1.95807932507662
"ACTTG",719452,2.89873403646108
"GATGT",880058,3.01923282329119
"AGTCT",652950,0.751359215866452
"AATCC",629052,0.837927548120028
"GTTCC",659438,2.14409845959741
"GGTTC",555654,1.67064396188995
"TCTCA",699996,3.87330784747341
"TATGG",598463,2.55120199577919
"GGTAT",398744,1.37506771261762
"GCTAT",496095,1.01613602233443
"GCTTC",985590,1.69654724581215
"GTTAC",409868,2.76284071945114
"TGTTA",612606,3.98200474693359
"CATAC",317649,2.28239345944738
"CTTCT",1108023,3.31924517812356
"TCTAC",523344,3.42470726711303
"TATCT",552066,1.52391199602946
"TCTTA",509618,2.49108155520409
"TCTTG",862400,3.58290816326531
"CTTAG",341252,4.10898690703644
"CCTTA",442048,2.88181373968438
"CCTGA",1152795,0.926357244783331
"AGTCC",690371,0.865911227441477
"CATAG",312957,3.50335669117483
"TATAA",568458,3.09257676028836
"CGTGT",398314,4.44850042930954
"GATGA",1537233,2.55667163013024
"GCTAG",301792,1.45729509065847
"TTTGC",863653,3.55096317618303
"ATTTG",1056602,7.31921764297247
"AATTT",1010071,0.880334154727737
"GATCG",296640,1.09459277238403
"CATCT",1011005,1.85132615565699
"TGTCG",248897,2.61835216977304
"AATGA",1056587,1.94115581584858
"GCTAA",496991,1.09398359326426
"TTTGG",1082477,1.40141545732611
"CATTT",928335,3.78333252543532
"CCTAA",470520,2.24475048882088
"AGTAT",561083,0.6204073194162
"TATAC",333639,2.02254532593612
"AGTTG",783695,1.13041425554584
"GATCA",804493,1.68491211234902
"CATCG",526682,2.67580817267345
"GCTTT",897210,1.46208802844373
"TTTCT",1126679,3.07052851788309
"TCTCG",271706,3.72829455367198
"TGTAA",763291,2.92824099851826
"GCTCG",401975,2.18048386093663
"TGTAG",524094,3.44003175002957
"GTTAA",498606,3.18748671295572
"AATCT",704614,0.650852807352678
"ATTTT",1483579,4.10985865936361
"TATGC",492504,3.49499699494826
"GTTAG",265446,2.26486743066386
"CTTGA",712130,1.46728827601702
"TTTCA",837361,3.3504068137876
"CGTGC",445973,5.75012388642362
"ATTTC",815632,5.81218000274634
"TTTAT",1039726,4.2775692826764
"AATGG",959544,1.67277373419041
"CATGT",783624,5.11980235419027
"ATTAG",340025,2.82714506286302
"GGTCA",692716,1.8108431160822
"AGTGA",907507,0.890020683036054
"GGTTT",698945,1.18035038522344
"TATGT",649527,3.11642164221041
"AATTC",658840,1.21835346973469
"AGTTC",835157,0.74105826808612
"CGTAT",153700,3.03903708523097
"TATAT",590734,2.36383888518352
"TATTT",1099576,2.46485918208473
"AATCA",742048,1.21191621027211
"GATTA",525407,3.35320998768574
"AATAT",782652,0.901039031395818
"CATGC",695662,4.1402290192651
"ACTAA",430062,1.10960745194879
"CTTAA",600629,4.4010528962138
"GTTAT",485591,2.82768832206528
"CATAA",371381,2.73519646939396
"AGTAC",566347,0.36585344320708
"AGTAA",563846,0.724843308279211
"TATTA",574061,3.97030977544198
"AGTTA",515176,1.36632917682501
"ACTTA",441710,3.16112381426728
"ACTAG",277480,1.5539858728557
"AGTAG",424288,0.814541066445433
"CCTAT",429000,2.54289044289044
"GGTTG",637076,1.80465125040027
"CTTAC",351524,7.17731932954791
"CCTAG",327289,3.4021919465671
"GATAG",274618,1.80650940579277
"CGTCG",206802,6.42692043597257
"CGTTA",126891,4.79624244430259
"ATTGA",922513,1.27087639957377
"GGTTA",398142,1.55145651551456
"TATAG",282044,3.4976812128604
"GATAT",501245,1.67981725503496
"CATTG",998592,7.2334847465231
"AATAG",416088,2.30768491280691
"GTTGA",627697,1.30524759557557
"ACTAT",480888,1.28366688293324
"GATCC",708617,1.16268731910186
"CTTGC",740704,3.11095930358146
"GATAA",551958,2.11555951720964
"ATTAC",467821,2.78439830618976
"ACTTC",789151,2.1893148459547
"CGTAA",159772,4.9351575995794
"TCTAG",308444,2.6559116079418
"CGTAG",150314,8.85147092087231
"GTTCG",300467,3.52484632255788
"GATAC",386093,1.3217022841647
"GGTAG",345623,1.35002589526739
"CATAT",410811,2.53839356784507
"AGTCG",274159,1.09899729718886
"CGTTC",199153,8.47037202552811
"GGTCG",284001,1.76372618406273
"TATCG",141091,2.03627446116336
"ATTCG",217603,4.17917032393855
"CGTAC",178319,4.37418334557731
